ticker,year,revenue,cogs,gross_profit,sga,research_development,depreciation,amortisation,ebitda,ebit,interest_expense,interest_income,pretax_income,tax,net_income,diluted_shares,eps,dividends_paid,dividend_per_share,cash,receivables,inventory,prepaid,ppe_net,goodwill,intangibles,other_assets,payables,accrued,debt_st,debt_lt,deferred_tax,other_liabilities,revolver,share_capital,retained_earnings,treasury,total_assets,total_liabilities,total_equity,depreciation_amortisation,change_in_working_capital,deferred_tax_and_other,cash_from_operations,capital_expenditure,acquisitions,cash_from_investing,debt_issued,debt_repaid,revolver_movement,equity_issued,dividends,buybacks,cash_from_financing,net_change_in_cash,opening_cash,closing_cash,free_cash_flow,share_price,market_cap,net_debt,enterprise_value
MRDN,2019,2293.36,1348.4957,944.8643,545.8197,25.227,90.944,19.25,373.8177,263.6237,27.47,2.3911,238.5448,56.058,182.4868,146.2143,1.2481,91.76,0.62,184.5234,257.6103,229.0595,41.2805,956.3107,402.0,155.75,145.9477,214.2815,34.8338,51.2,588.8,90.64,132.0,0.0,520.0,780.7268,40.0,2372.4821,1111.7554,1260.7268,110.194,-13.7827,2.64,281.5381,-119.2547,-0.0,-119.2547,0.0,-60.0,0.0,0.0,-91.76,-40.0,-191.76,-29.4766,214.0,184.5234,162.2834,22.4,3275.2,455.4766,3730.6766
MRDN,2020,2334.6405,1391.4457,943.1948,569.6523,28.0157,94.6748,17.1325,345.5268,233.7195,25.02,3.1137,211.8132,49.1407,162.6725,146.2143,1.1126,93.5771,0.64,334.422,281.4361,270.6648,42.0235,966.6948,402.0,138.6175,145.9477,240.1673,36.4577,60.0,690.0,93.3592,132.0,0.0,520.0,849.8222,40.0,2581.8065,1251.9843,1329.8222,111.8073,-38.6644,2.7192,238.5346,-105.0588,-0.0,-105.0588,150.0,-40.0,0.0,0.0,-93.5771,-0.0,16.4229,149.8987,184.5234,334.422,133.4758,23.6,3450.6571,415.578,3866.2351
MRDN,2021,2554.0967,1486.4843,1067.6124,589.9963,30.6492,93.7694,15.2479,446.9669,337.9496,23.97,3.5466,317.5262,75.5712,241.955,143.5413,1.6856,99.4257,0.68,256.6853,293.8961,268.7889,45.9737,1021.063,402.0,123.3696,145.9477,244.3536,37.8594,52.8,607.2,96.16,132.0,0.0,520.0,992.3515,125.0,2557.7244,1170.3729,1387.3515,109.0173,-8.9464,2.8008,344.8266,-148.1376,-0.0,-148.1376,0.0,-90.0,0.0,0.0,-99.4257,-85.0,-274.4257,-77.7367,334.422,256.6853,196.689,31.8,4564.6143,403.3147,4967.9289
MRDN,2022,2760.9785,1764.2653,996.7132,670.9178,35.8927,103.1274,13.5707,289.9027,173.2047,46.0387,2.2856,129.4516,31.5862,97.8654,143.5413,0.6818,103.3498,0.72,124.244,347.9589,406.0227,49.6976,1113.9651,703.0,238.7989,145.9477,275.5154,43.1154,87.6,1007.4,99.0448,132.0,103.0923,520.0,986.8671,125.0,3129.6351,1747.7679,1381.8671,116.698,-158.6026,2.8848,58.8456,-196.0295,-430.0,-626.0295,480.0,-45.0,103.0923,0.0,-103.3498,-0.0,434.7426,-132.4413,256.6853,124.244,-137.1839,21.5,3086.1386,1073.8483,4159.9869
MRDN,2023,3081.252,1913.4575,1167.7945,736.4192,40.0563,115.8524,26.2679,391.319,249.1988,75.5675,1.5774,175.2087,42.2253,132.9834,143.5413,0.9264,109.0914,0.76,138.6563,379.8804,398.4185,55.4625,1186.0691,703.0,212.531,145.9477,309.2986,47.365,78.8,906.2,102.0161,132.0,238.5269,520.0,1010.7591,125.0,3219.9657,1814.2066,1405.7591,142.1203,7.9505,2.9713,286.0255,-187.9564,-0.0,-187.9564,0.0,-110.0,135.4346,0.0,-109.0914,-0.0,-83.6568,14.4123,124.244,138.6563,98.0692,24.8,3559.825,1084.8706,4644.6955
MRDN,2024,3226.0709,1942.0947,1283.9762,754.9006,45.165,122.1651,23.3784,483.9106,338.3671,72.4154,1.703,267.6546,63.9695,203.6852,141.0051,1.4445,114.8331,0.8,145.1732,380.0577,367.1357,58.0693,1221.9815,703.0,189.1526,145.9477,324.5692,48.804,67.6,777.4,105.0766,132.0,330.4566,520.0,1099.6112,195.0,3210.5177,1785.9065,1424.6112,145.5435,45.2085,3.0605,397.4977,-158.0775,-0.0,-158.0775,0.0,-140.0,91.9297,0.0,-114.8331,-70.0,-232.9033,6.5168,138.6563,145.1732,239.4202,27.6,3891.7407,1030.2834,4922.0241
CALD,2019,8907.84,4347.0259,4560.8141,2547.6422,80.1706,283.02,126.5,1933.0013,1523.4813,112.68,17.4198,1428.2211,317.0651,1111.156,401.405,2.7682,582.2,1.42,1483.3062,927.3916,643.1216,160.3411,3262.2014,2740.0,1023.5,481.8265,845.5859,160.2966,251.2,2888.8,406.85,620.0,0.0,1900.0,4508.956,860.0,10721.6885,5172.7324,5548.956,409.52,-21.7984,11.85,1510.7277,-365.2214,-0.0,-365.2214,200.0,-180.0,0.0,0.0,-582.2,-520.0,-1082.2,63.3062,1420.0,1483.3062,1145.5062,60.5,24285.0,1656.6938,25941.6938
CALD,2020,8783.1302,4347.6495,4435.4808,2555.8909,79.0482,293.5981,112.585,1800.5417,1394.3586,100.285,19.8877,1313.9613,287.7575,1026.2037,395.8944,2.5921,586.0512,1.46,1831.3085,962.5348,690.8594,158.0963,3284.796,2740.0,910.915,481.8265,881.4413,160.7313,266.4,3063.6,419.0555,620.0,0.0,1900.0,4949.1085,1200.0,11060.3366,5411.228,5649.1085,406.1831,-44.3461,12.2055,1400.2463,-316.1927,-0.0,-316.1927,400.0,-210.0,0.0,0.0,-586.0512,-340.0,-736.0512,348.0023,1483.3062,1831.3085,1084.0536,61.7,24426.686,1498.6915,25925.3774
CALD,2021,9380.3831,4521.3447,4859.0384,2635.8877,93.8038,289.062,100.2006,2129.347,1740.0843,94.395,20.6345,1666.3237,373.2565,1293.0672,388.1729,3.3312,601.7595,1.52,1607.7714,950.8881,681.2985,168.8469,3399.0904,2866.0,864.7143,481.8265,891.8817,166.5112,254.4,2925.6,431.6272,620.0,0.0,1900.0,5640.4162,1810.0,11020.4363,5290.02,5730.4162,389.2627,26.6773,12.5717,1721.5789,-403.3565,-180.0,-583.3565,150.0,-300.0,0.0,0.0,-601.7595,-610.0,-1361.7595,-223.5371,1831.3085,1607.7714,1318.2224,79.0,30665.6595,1572.2286,32237.888
CALD,2022,9933.8257,5096.0526,4837.7731,2860.9418,99.3383,309.3172,95.1186,1877.4931,1473.0573,120.65,17.2148,1369.622,312.2738,1057.3482,380.5539,2.7784,621.0766,1.6,1261.3612,1061.4225,879.5926,178.8089,3566.5968,2866.0,769.5958,481.8265,963.3634,180.5771,253.6,2916.4,444.576,620.0,0.0,1900.0,6076.6878,2290.0,11065.2042,5378.5164,5686.6878,404.4358,-233.2428,12.9488,1241.49,-476.8236,-0.0,-476.8236,250.0,-260.0,0.0,0.0,-621.0766,-480.0,-1111.0766,-346.4103,1607.7714,1261.3612,764.6664,63.0,23974.893,1908.6388,25883.5318
CALD,2023,10649.0611,5335.1796,5313.8815,3024.3334,106.4906,328.1269,84.6555,2183.0575,1770.2751,137.25,13.9302,1646.9553,372.2119,1274.7434,373.2811,3.415,639.3305,1.68,1060.3345,1108.6694,862.3989,191.6831,3728.3267,2866.0,684.9402,481.8265,1023.1851,190.9803,234.4,2695.6,457.9133,620.0,0.0,1900.0,6712.1007,2850.0,10984.1794,5222.0787,5762.1007,412.7824,27.2975,13.3373,1728.1606,-489.8568,-0.0,-489.8568,100.0,-340.0,0.0,0.0,-639.3305,-560.0,-1439.3305,-201.0267,1261.3612,1060.3345,1238.3038,77.0,28742.647,1869.6655,30612.3125
CALD,2024,11085.6727,5454.1509,5631.5217,3115.074,121.9424,339.2777,75.3434,2394.5053,1979.8841,122.98,12.8545,1869.7586,420.6957,1449.0629,366.2482,3.9565,656.9748,1.76,1082.0749,1123.7531,836.8012,199.5421,3854.6473,2866.0,609.5968,481.8265,1060.9444,197.458,223.2,2566.8,471.6507,620.0,0.0,1900.0,7504.1888,3490.0,11054.2419,5140.0531,5914.1888,414.6212,46.8919,13.7374,1924.3134,-465.5983,-0.0,-465.5983,150.0,-290.0,0.0,0.0,-656.9748,-640.0,-1436.9748,21.7404,1060.3345,1082.0749,1458.7152,91.0,33328.5828,1707.9251,35036.5079
VSSL,2019,495.624,321.1644,174.4596,164.0515,10.4081,13.552,3.41,0.0,-16.962,3.944,1.178,-19.728,0.0,-19.728,67.0,-0.2944,0.0,0.0,108.3273,70.6094,77.4314,8.9212,154.0367,24.0,27.59,18.0,44.875,10.642,6.32,72.68,4.12,106.007,0.0,310.0,-65.728,0.0,488.9161,244.6441,244.272,16.962,-22.438,0.12,-25.084,-46.5887,-0.0,-46.5887,30.0,-8.0,0.0,70.0,-0.0,-0.0,92.0,20.3273,88.0,108.3273,-71.6727,14.0,938.0,-29.3273,908.6727
VSSL,2020,582.8538,384.1007,198.7532,197.0046,13.4056,17.7142,3.0349,-11.6571,-32.4062,5.018,1.5212,-35.903,0.0,-35.903,71.8718,-0.4995,0.0,0.0,145.2002,89.4241,102.0761,10.4914,183.5336,24.0,24.5551,18.0,56.8259,12.835,9.12,104.88,4.2436,106.007,0.0,405.0,-101.6311,0.0,597.2804,293.9115,303.3689,20.7491,-30.8857,0.1236,-45.916,-47.2112,-0.0,-47.2112,45.0,-10.0,0.0,95.0,-0.0,-0.0,130.0,36.8728,108.3273,145.2002,-93.1272,19.5,1401.5,-31.2002,1370.2998
VSSL,2021,764.7042,490.9401,273.7641,246.2348,16.8235,20.7393,2.7011,10.7059,-12.7345,6.762,2.3067,-17.1898,0.0,-17.1898,76.7105,-0.2241,0.0,0.0,239.2548,113.1343,123.7438,13.7647,240.7941,24.0,21.854,18.0,69.9422,16.0466,12.96,149.04,4.3709,106.007,0.0,555.0,-118.8208,0.0,794.5458,358.3666,436.1792,23.4404,-32.3234,0.1273,-25.9455,-77.9998,-0.0,-77.9998,60.0,-12.0,0.0,150.0,-0.0,-0.0,198.0,94.0547,145.2002,239.2548,-103.9453,31.0,2378.0256,-77.2548,2300.7708
VSSL,2022,948.9979,647.2166,301.7813,316.9653,22.776,28.4137,2.4039,-37.9599,-68.7776,14.3775,2.1705,-80.9846,0.0,-80.9846,82.1651,-0.9856,0.0,0.0,122.4964,153.3997,200.3712,17.082,321.5152,24.0,19.4501,18.0,86.8866,20.7242,19.44,223.56,4.502,106.007,0.0,615.0,-199.8054,0.0,876.3145,461.1199,415.1946,30.8177,-98.5879,0.1311,-148.6236,-109.1348,-0.0,-109.1348,95.0,-14.0,0.0,60.0,-0.0,-0.0,141.0,-116.7584,239.2548,122.4964,-257.7584,11.0,903.8156,120.5036,1024.3191
VSSL,2023,1127.4095,748.5999,378.8096,368.6629,25.9304,38.9033,2.1395,-15.7837,-56.8266,21.966,1.916,-76.8765,0.0,-76.8765,95.2685,-0.8069,0.0,0.0,196.8425,176.0612,213.2997,20.2934,381.8239,24.0,17.3106,18.0,104.5989,24.0702,22.4,257.6,4.6371,106.007,0.0,805.0,-276.6819,0.0,1047.6313,519.3132,528.3181,41.0428,-17.7432,0.1351,-53.4419,-99.212,-0.0,-99.212,55.0,-18.0,0.0,190.0,-0.0,-0.0,227.0,74.3461,122.4964,196.8425,-152.6539,14.5,1381.3932,83.1575,1464.5507
VSSL,2024,1287.5017,838.1636,449.3381,409.4255,28.325,45.437,1.9042,11.5875,-35.7537,22.2385,1.9934,-55.9988,0.0,-55.9988,97.8697,-0.5722,0.0,0.0,135.3872,194.0071,220.4485,23.175,429.087,24.0,15.4064,18.0,121.7059,26.7028,22.64,260.36,4.7762,106.007,0.0,850.0,-332.6808,0.0,1059.5112,542.192,517.3192,47.3412,-8.2367,0.1391,-16.7552,-92.7001,-0.0,-92.7001,25.0,-22.0,0.0,45.0,-0.0,-0.0,48.0,-61.4553,196.8425,135.3872,-109.4553,17.3,1693.145,147.6128,1840.7578
